{"생각": 0.010396823583214773, "고민": 0.010396823583214773, "학원": 0.008746152777685867, "학습": 0.012117995253276392, "아이": 0.010396823583214773, "첫째": 0.005986979275268618, "시간": 0.0072851550815955695, "현재": 0.0072851550815955695, "나이": 0.007068337226505906, "감사": 0.006474927800926, "시작": 0.006474927800926, "정도": 0.008845522036413242, "다음": 0.0072851550815955695, "영어": 0.007068337226505906, "영유": 0.007068337226505906, "지금": 0.0072851550815955695, "초등": 0.005820200350514774, "태리": 0.0054796396536580735, "하늘": 0.0054796396536580735, "핀잔": 0.0054796396536580735, "하루": 0.0054796396536580735, "코로나": 0.0054796396536580735, "페셔널": 0.0054796396536580735, "학기": 0.0054796396536580735, "한계": 0.0054796396536580735, "한글": 0.0054796396536580735, "한솔": 0.0054796396536580735, "한창": 0.0054796396536580735, "후기": 0.0054796396536580735, "프로": 0.0054796396536580735, "수학": 0.007873412870020205, "내용": 0.008689576645903271, "저희": 0.006246087204548419, "스스로": 0.00717301916064695, "수업": 0.006970359592840332, "바로": 0.0054796396536580735, "베테": 0.0054796396536580735, "비용": 0.005866393098056007, "방문": 0.0054796396536580735, "뭉게뭉게": 0.0054796396536580735, "절대": 0.0054796396536580735, "동안": 0.0054796396536580735, "댓글": 0.0054796396536580735, "대해": 0.0054796396536580735, "단어": 0.0054796396536580735, "다른": 0.0054796396536580735, "놀이": 0.0054796396536580735, "낯가림": 0.0054796396536580735, "날씨": 0.0054796396536580735, "기질": 0.0054796396536580735, "기분": 0.0054796396536580735, "리가": 0.0054796396536580735, "신분": 0.0054796396536580735, "순간": 0.0054796396536580735, "최고": 0.0054796396536580735, "방법": 0.0054796396536580735, "집중": 0.0054796396536580735, "진행": 0.0054796396536580735, "주일": 0.0054796396536580735, "주도": 0.0054796396536580735, "정말": 0.0054796396536580735, "마무리": 0.0054796396536580735, "만큼": 0.0054796396536580735, "몇번": 0.0054796396536580735, "기기": 0.0054796396536580735, "밀고": 0.0054796396536580735, "발달": 0.0054796396536580735, "바랬거든": 0.0054796396536580735, "부정": 0.0054796396536580735, "복습": 0.0054796396536580735, "소리": 0.0054796396536580735, "설명": 0.0054796396536580735, "선생님": 0.0054796396536580735, "상황": 0.0054796396536580735, "분리": 0.0054796396536580735, "문장": 0.0054796396536580735, "문화센터": 0.0054796396536580735, "흥미": 0.0054796396536580735, "그맘때츰": 0.0054796396536580735, "구름": 0.0054796396536580735, "관심": 0.0054796396536580735, "고집": 0.0054796396536580735, "계세": 0.0054796396536580735, "거의": 0.0054796396536580735, "거기": 0.0054796396536580735, "개월": 0.0054796396536580735, "강압": 0.0054796396536580735, "감수성": 0.0054796396536580735, "가세": 0.0054796396536580735, "그날": 0.0054796396536580735, "무슨": 0.0054796396536580735, "접목": 0.0054796396536580735, "영향": 0.0054796396536580735, "엄마": 0.0054796396536580735, "시기": 0.0054796396536580735, "오시": 0.0054796396536580735, "어린이집": 0.0054796396536580735, "드림": 0.002964797013614913, "키트": 0.002964797013614913, "채팅": 0.002964797013614913, "활동": 0.002964797013614913, "번호": 0.002964797013614913, "사용": 0.002964797013614913, "문자": 0.002964797013614913, "국어": 0.002964797013614913, "두미": 0.002964797013614913, "유아": 0.002964797013614913, "안심": 0.002964797013614913, "귀로": 0.003882329113949168, "추천": 0.0025004802713961853, "코드": 0.0016166991916098474, "아들": 0.004880365609812163, "미리": 0.0016166991916098474, "가입": 0.0016166991916098474, "이제": 0.005947296466008537, "지능": 0.0014182535829472085, "시리즈": 0.0014182535829472085, "사왔드랬": 0.003882329113949168, "본인": 0.003882329113949168, "미술": 0.003882329113949168, "박아": 0.003882329113949168, "보태": 0.003882329113949168, "손자": 0.003882329113949168, "세라": 0.003882329113949168, "서점": 0.003882329113949168, "의태어": 0.0054796396536580735, "아기": 0.0054796396536580735, "후회": 0.0054796396536580735, "일찍": 0.0054796396536580735, "저기": 0.0054796396536580735, "자하": 0.0054796396536580735, "자체": 0.0054796396536580735, "자기": 0.0054796396536580735, "읽어쥬셔": 0.0054796396536580735, "인복": 0.0054796396536580735, "의성어": 0.0054796396536580735, "시아버지": 0.003882329113949168, "글구": 0.003882329113949168, "말함": 0.003882329113949168, "추석": 0.003882329113949168, "책장": 0.003882329113949168, "지난해": 0.003882329113949168, "지난": 0.003882329113949168, "친구": 0.003882329113949168, "오늘": 0.003882329113949168, "어머니": 0.003882329113949168, "어딘가": 0.003882329113949168, "안통함": 0.003882329113949168, "시어머니": 0.003882329113949168, "우리": 0.003882329113949168, "이건": 0.003882329113949168, "윙크": 0.003882329113949168, "자식": 0.003882329113949168, "파트타임": 0.002804439982002335, "결혼": 0.002804439982002335, "추가": 0.002804439982002335, "직종": 0.002804439982002335, "주말": 0.002804439982002335, "조언": 0.002804439982002335, "조건": 0.002804439982002335, "케어": 0.002804439982002335, "학교": 0.002804439982002335, "태권도": 0.002804439982002335, "입학": 0.002804439982002335, "예전": 0.002804439982002335, "자꾸": 0.002804439982002335, "예비": 0.002804439982002335, "운동": 0.002804439982002335, "허리띠": 0.004221064527435571, "유치원": 0.004221064527435571, "적응": 0.004221064527435571, "어차피": 0.004221064527435571, "실력": 0.004221064527435571, "신지": 0.004221064527435571, "자연": 0.004221064527435571, "일반": 0.004221064527435571, "이번": 0.004221064527435571, "의문": 0.004221064527435571, "백만원": 0.004221064527435571, "발음": 0.004221064527435571, "보충": 0.004221064527435571, "하나": 0.004221064527435571, "정규": 0.004221064527435571, "졸라": 0.004221064527435571, "수준": 0.004221064527435571, "수렴": 0.004221064527435571, "사실": 0.004221064527435571, "비교": 0.004221064527435571, "부분": 0.004221064527435571, "부담": 0.004221064527435571, "궁금": 0.004221064527435571, "교육": 0.004221064527435571, "고등": 0.004221064527435571, "걱정": 0.004221064527435571, "개인": 0.004221064527435571, "등록": 0.004221064527435571, "둘째": 0.004221064527435571, "대기": 0.004221064527435571, "중학교": 0.004221064527435571, "주변": 0.004221064527435571, "교재": 0.0017667973102367318, "가격": 0.0017667973102367318, "인상": 0.0017667973102367318, "일로": 0.002804439982002335, "혹시": 0.0011930147491497965, "단계": 0.0011930147491497965, "선행": 0.0022015625995206543, "저학년": 0.0022015625995206543, "개념": 0.0022015625995206543, "누구": 0.0022015625995206543, "예습": 0.0022015625995206543, "얼마나": 0.0022015625995206543}