{"느낌": 0.07387918070528889, "인테리어": 0.17954026893748795, "생각": 0.032300315507489644, "공간": 0.018938574472435365, "사진": 0.019006864029340324, "거실": 0.016519520816081282, "사용": 0.020700076552615833, "정도": 0.014999468229236899, "하나": 0.01574534780884575, "스타일": 0.007106786752112269, "고민": 0.010637886272375817, "화이트": 0.008697212113701577, "디자인": 0.013960669691952464, "정말": 0.014981608321854956, "선택": 0.013942200644196752, "부분": 0.01149299206585277, "주방": 0.010252352966423536, "카페": 0.004707323940260972, "마음": 0.00779358683941388, "다른": 0.007548620117420026, "그냥": 0.005615920122450302, "보고": 0.007276714375292295, "때문": 0.008695249426400266, "추천": 0.0056682156868486525, "조명": 0.005280483325636821, "분위기": 0.004684553377757323, "가격": 0.006306227361902243, "요즘": 0.005126377320668911, "가구": 0.004422123003608298, "처음": 0.0072623917628531825, "시간": 0.007241434312633753, "오늘": 0.0027935821438040288, "지금": 0.005360366183010517, "업체": 0.006118711568792262, "이번": 0.004329121510824462, "아파트": 0.004165071219389121, "시공": 0.006232364554442335, "전체": 0.00466015215405364, "바로": 0.00562157325005267, "바닥": 0.004702131145754129, "아이": 0.003578265061056389, "가장": 0.005131271091220611, "조금": 0.004323675532437003, "이제": 0.004074254118099864, "모두": 0.004621778515179923, "사람": 0.0032718585558410623, "한번": 0.003272925028567998, "시작": 0.003033113825762385, "가지": 0.003839337456003601, "진짜": 0.0027603178539833207, "제품": 0.0030605160371615413, "저희": 0.0030356017328901494, "이사": 0.002002908502176688, "타일": 0.005577132224307035, "여기": 0.0027603178539833207, "우드": 0.0022356319662845256, "다시": 0.0027603178539833207, "후기": 0.0030708502055387873, "기본": 0.0034526176765279576, "우리": 0.002244819063162356, "설치": 0.003347050151767129, "이미지": 0.0022377008639214474, "감성": 0.0010523634049086558, "소품": 0.0016988045381977894, "공사": 0.0028692562743550445, "위해": 0.003324521895138416, "직접": 0.0017276246232698596, "사실": 0.002499782053997969, "걱정": 0.001987477193299431, "거의": 0.0019881604232552114, "추가": 0.0027987563078033803, "컬러": 0.002241705540417911, "기분": 0.0017276246232698596, "모습": 0.0028038573972543977, "진행": 0.002016577688026733, "구매": 0.0017276246232698596, "컨셉": 0.0010523634049086558, "준비": 0.0017276246232698596, "색상": 0.0019689095686388465, "견적": 0.002295420113100165, "침대": 0.0016988045381977894, "모든": 0.0027655639684243576, "수납": 0.0022551842141674307, "테이블": 0.001974088417104618, "화장실": 0.0025803032095981712, "원래": 0.0017276246232698596, "계속": 0.0017276246232698596, "일단": 0.0017276246232698596, "도움": 0.0017276246232698596, "예정": 0.0014260085664187252, "포인트": 0.0022478921380782377, "기존": 0.0017052387760455876, "아주": 0.0017276246232698596, "안방": 0.001982388242388366, "역시": 0.0017276246232698596, "제일": 0.0017276246232698596, "완성": 0.0014260085664187252, "위치": 0.0016988045381977894, "경우": 0.0017276246232698596, "실내": 0.0025050281684390052, "내용": 0.0017276246232698596, "확인": 0.002006854832896722, "정리": 0.0014260085664187252, "작업": 0.0014260085664187252, "다음": 0.0017276246232698596, "아래": 0.0017276246232698596, "상태": 0.0017276246232698596, "기능": 0.0022322321966599407, "통해": 0.002492767996645293, "청소": 0.0014260085664187252, "찾기": 0.001901609206938404, "문제": 0.0017276246232698596, "구조": 0.0016988045381977894, "식탁": 0.001982388242388366, "혹시": 0.0014260085664187252, "덕분": 0.002229097204052034, "결정": 0.0017276246232698596, "원목": 0.0014260085664187252, "참고": 0.0014260085664187252, "벽지": 0.0014260085664187252, "뭔가": 0.0014260085664187252, "개인": 0.0017276246232698596, "욕실": 0.0022786871527470365, "사장": 0.0014260085664187252, "사이즈": 0.0014260085664187252, "이상": 0.0017276246232698596, "하루": 0.0014260085664187252, "남편": 0.0014260085664187252, "셀프": 0.0014260085664187252, "침실": 0.0014260085664187252, "신경": 0.0017276246232698596, "최고": 0.0017052387760455876, "베란다": 0.0017012924453255536, "국내": 0.0022947064945027496, "그레이": 0.0016998122873923447, "마감": 0.0010523634049086558, "상황": 0.0010523634049086558, "크게": 0.0014260085664187252, "방문": 0.0014260085664187252, "더욱": 0.0017052387760455876, "약간": 0.0014260085664187252, "제공": 0.0022322321966599407, "자리": 0.0014260085664187252, "모던": 0.0014260085664187252, "내부": 0.0010523634049086558, "확장": 0.0010523634049086558, "도배": 0.0014260085664187252, "현관": 0.001982388242388366, "고급": 0.0014260085664187252, "비용": 0.0010523634049086558, "교체": 0.0014260085664187252, "비교": 0.0014260085664187252, "완전": 0.0014260085664187252, "구성": 0.0013315936145355182, "시스템": 0.0013315936145355182, "하우스": 0.0014260085664187252, "먼저": 0.0014260085664187252, "관리": 0.0014260085664187252, "시트": 0.0010523634049086558, "마루": 0.0014260085664187252, "별로": 0.0014260085664187252, "기도": 0.0014260085664187252, "도어": 0.0010523634049086558, "이용": 0.0010523634049086558, "배치": 0.0014260085664187252, "계약": 0.0010523634049086558, "코로나": 0.0010523634049086558, "정보": 0.0010523634049086558, "효과": 0.0014260085664187252, "싱크대": 0.0010523634049086558, "옵션": 0.0010523634049086558, "현재": 0.0010523634049086558, "이유": 0.0014260085664187252, "보기": 0.0014260085664187252, "일반": 0.0014260085664187252, "이건": 0.0014260085664187252, "활용": 0.0014260085664187252, "라인": 0.0010523634049086558, "의견": 0.0010523634049086558, "해도": 0.0010523634049086558, "상담": 0.0010523634049086558, "거리": 0.0010523634049086558, "실제": 0.0014260085664187252, "어디": 0.0010523634049086558, "브랜드": 0.0010523634049086558, "커튼": 0.0014260085664187252, "크기": 0.0010523634049086558, "모델링": 0.0010523634049086558, "철거": 0.0010523634049086558, "미리": 0.0010523634049086558, "처리": 0.0010523634049086558, "모델": 0.0010523634049086558, "또한": 0.0014260085664187252, "검색": 0.0010523634049086558, "최대한": 0.0014260085664187252, "차량": 0.0010523634049086558, "변경": 0.0010523634049086558, "의자": 0.0014260085664187252, "소개": 0.0010523634049086558, "마지막": 0.0010523634049086558, "사이": 0.0014260085664187252, "소파": 0.0014260085664187252, "나중": 0.0010523634049086558, "필름": 0.0010523634049086558, "관련": 0.0010523634049086558, "살짝": 0.0014260085664187252, "턴키": 0.0010523634049086558, "주문": 0.0014260085664187252, "생활": 0.0010523634049086558, "소재": 0.0014260085664187252, "친구": 0.0010523634049086558, "혼자": 0.0010523634049086558, "이해": 0.0010523634049086558, "이전": 0.0010523634049086558, "그대로": 0.0010523634049086558, "등등": 0.0010523634049086558, "처럼": 0.0010523634049086558, "나름": 0.0010523634049086558, "적용": 0.0010523634049086558, "보이": 0.0010523634049086558, "계획": 0.0010523634049086558, "아기": 0.0010523634049086558, "작성": 0.0010523634049086558, "가족": 0.0010523634049086558, "자신": 0.0010523634049086558, "선반": 0.0010523634049086558, "심플": 0.0010523634049086558, "경험": 0.0010523634049086558, "얼마": 0.0010523634049086558, "포함": 0.0010523634049086558, "제작": 0.0010523634049086558, "판매": 0.0010523634049086558, "장점": 0.0010523634049086558, "나무": 0.0010523634049086558, "구입": 0.0010523634049086558, "마무리": 0.0010523634049086558, "인치": 0.0010523634049086558, "소리": 0.0010523634049086558, "자체": 0.0010523634049086558, "중문": 0.0010523634049086558, "엄마": 0.0010523634049086558, "대신": 0.0010523634049086558, "취향": 0.0010523634049086558, "자주": 0.0010523634049086558, "매우": 0.0010523634049086558, "냉장고": 0.0010523634049086558, "천장": 0.0010523634049086558, "방법": 0.0010523634049086558, "주말": 0.0010523634049086558, "매일": 0.0010523634049086558, "질문": 0.0010523634049086558, "달라": 0.0010523634049086558, "라면": 0.0010523634049086558, "오픈": 0.0010523634049086558, "출시": 0.0010523634049086558, "설명": 0.0010523634049086558, "보통": 0.0010523634049086558, "거울": 0.0010523634049086558, "관심": 0.0010523634049086558, "동안": 0.0010523634049086558, "대한": 0.0010523634049086558, "수도": 0.0010523634049086558, "차이": 0.0010523634049086558, "운전": 0.0010523634049086558, "전혀": 0.0010523634049086558, "블랙": 0.0010523634049086558, "기술": 0.0010523634049086558, "외관": 0.0010523634049086558, "해당": 0.0010523634049086558, "하니": 0.0010523634049086558, "예전": 0.0010523634049086558, "만족": 0.0010523634049086558, "자동": 0.0010523634049086558, "엔진": 0.0010523634049086558, "창문": 0.0010523634049086558, "이야기": 0.0010523634049086558, "매트": 0.0010523634049086558,